{"sources":[{"type":"single","resource":"nexo:4c53fb9e-aa16-4262-9816-b1f5318bd10b"},{"type":"single","resource":"nexo:7f8dfebe-41d9-4d42-8f76-416990b91960"},{"type":"single","resource":"nexo:e5214ae9-78fd-418d-99c8-c65615176418"},{"type":"single","resource":"nexo:7e50570d-f8c8-4823-813c-aab9fb0a28b2"},{"type":"single","resource":"nexo:11fdc994-e81c-4b20-a191-99dc938c7670"},{"type":"single","resource":"nexo:4311fe45-c4cb-40f4-884a-3cafb21712a9"},{"type":"single","resource":"nexo:4311fe45-c4cb-40f4-884a-3cafb21712a9"},{"type":"single","resource":"nexo:f08dcb53-e805-401b-9397-3d6fb235a75d"},{"type":"single","resource":"nexo:e10b17a7-9f33-474a-af54-ab218e57cbb0"},{"type":"single","resource":"nexo:ba30f575-dedd-4c85-83b0-67cda4da6e20"},{"type":"single","resource":"nexo:50b565d9-9532-46d6-a58a-7ac702e21ae4"},{"type":"single","resource":"nexo:50b565d9-9532-46d6-a58a-7ac702e21ae4"},{"type":"single","resource":"nexo:4aaf740f-512c-45cc-a9c9-c6e2b405fa03"},{"type":"single","resource":"nexo:4aaf740f-512c-45cc-a9c9-c6e2b405fa03"},{"type":"single","resource":"nexo:6c5c3506-dd4d-47a2-88d4-c7062dc1bc99"},{"type":"single","resource":"nexo:6c5c3506-dd4d-47a2-88d4-c7062dc1bc99"},{"type":"single","resource":"nexo:08857749-2d97-4ce3-94ae-70cbb466ba40"},{"type":"single","resource":"nexo:9c4d511b-b7b8-46c8-ac8d-ba28360ef787"},{"type":"single","resource":"nexo:3895df09-26e9-4c45-900c-5e854734b706"},{"type":"single","resource":"nexo:3895df09-26e9-4c45-900c-5e854734b706"},{"type":"single","resource":"nexo:307e1609-e7de-4cf3-99f3-d6a4ef8ca544"},{"type":"single","resource":"nexo:6a42c5d1-bf2f-483c-87ab-bfaebb4cceb3"},{"type":"single","resource":"item/netherite_shovel"},{"type":"single","resource":"item/leather_horse_armor"},{"type":"single","resource":"item/chainmail_boots"},{"type":"single","resource":"item/paper"},{"type":"single","resource":"block/dark_oak_planks"},{"type":"single","resource":"item/netherite_hoe"},{"type":"single","resource":"item/chainmail_leggings"},{"type":"single","resource":"item/chainmail_helmet"},{"type":"single","resource":"item/netherite_sword"},{"type":"single","resource":"item/netherite_pickaxe"},{"type":"single","resource":"item/chainmail_chestplate"},{"type":"single","resource":"item/netherite_axe"},{"type":"single","resource":"nexo:006e1494-481a-47c7-ac04-78868ef78da1"},{"type":"single","resource":"nexo:276873b9-843f-4191-9144-7b65f584b328"},{"type":"single","resource":"nexo:50b9908f-ddb0-496b-a22c-17f8127dfd63"},{"type":"single","resource":"7282c56c-6b5d-4920-b250-a99ad609eec6"},{"type":"single","resource":"70e30c85-5f08-4795-8511-b011bec1066f"},{"type":"single","resource":"200f97a2-5c6a-4fe6-a5a1-03e0715da240"}]}