{"sources":[{"type":"single","resource":"nexo:54048305-1ca7-494c-ac5e-244cea8204c8"},{"type":"single","resource":"nexo:1d241f85-c8d9-43c9-8764-c6de91aea126"},{"type":"single","resource":"nexo:c1ff1c05-65ac-4cda-b071-a34255dd809b"},{"type":"single","resource":"nexo:45c3ebde-cdcf-49f0-ae4a-629847b48431"},{"type":"single","resource":"nexo:f399b6b8-b4bf-42ad-b245-2586fe9af08f"},{"type":"single","resource":"nexo:11ac4445-0f37-4e72-9ccd-66c2bafe5ea1"},{"type":"single","resource":"nexo:11ac4445-0f37-4e72-9ccd-66c2bafe5ea1"},{"type":"single","resource":"nexo:09a6817e-6814-4f63-8899-13413f218368"},{"type":"single","resource":"nexo:e49d1ab7-bb81-4554-8d2b-4324398fb5bb"},{"type":"single","resource":"nexo:b9c4ec59-6bb5-46af-9a8f-f190a0775344"},{"type":"single","resource":"nexo:21886c2b-7cd3-4b8b-9e06-45cd1f46a2e3"},{"type":"single","resource":"nexo:21886c2b-7cd3-4b8b-9e06-45cd1f46a2e3"},{"type":"single","resource":"nexo:85cdd468-b065-447e-96f0-e82fbe8a5748"},{"type":"single","resource":"nexo:85cdd468-b065-447e-96f0-e82fbe8a5748"},{"type":"single","resource":"nexo:df732ac3-5cd7-4ab5-baf0-274a5b2a6285"},{"type":"single","resource":"nexo:df732ac3-5cd7-4ab5-baf0-274a5b2a6285"},{"type":"single","resource":"nexo:1b36233e-0891-4b4f-a1c7-b2d0755ad5c9"},{"type":"single","resource":"nexo:2fbfbf1d-53e5-4f67-9e28-9f5fe7e90b3b"},{"type":"single","resource":"nexo:569bc944-6185-4c99-b8c7-c554f4466c00"},{"type":"single","resource":"nexo:569bc944-6185-4c99-b8c7-c554f4466c00"},{"type":"single","resource":"nexo:232ba549-7cf7-4f30-a974-ca1389413956"},{"type":"single","resource":"nexo:41997c73-3c6d-406f-8061-4c0817733f5d"},{"type":"single","resource":"item/chainmail_leggings"},{"type":"single","resource":"item/netherite_sword"},{"type":"single","resource":"item/netherite_pickaxe"},{"type":"single","resource":"block/dark_oak_planks"},{"type":"single","resource":"item/paper"},{"type":"single","resource":"item/chainmail_boots"},{"type":"single","resource":"item/netherite_axe"},{"type":"single","resource":"item/netherite_shovel"},{"type":"single","resource":"item/leather_horse_armor"},{"type":"single","resource":"item/netherite_hoe"},{"type":"single","resource":"item/chainmail_chestplate"},{"type":"single","resource":"item/chainmail_helmet"},{"type":"single","resource":"nexo:fac4b709-edb6-43c2-9898-1abcc94fd87c"},{"type":"single","resource":"nexo:ac97e420-89ec-459b-bef9-7e414387f477"},{"type":"single","resource":"nexo:5f878f6a-a819-46c7-a519-7fb92f0c5b03"},{"type":"single","resource":"7ddd8f58-c8bd-4734-bd26-4e9fcc6d5490"},{"type":"single","resource":"f825b9f4-8fc3-4915-b234-0ff20d8b467f"},{"type":"single","resource":"bc64af11-adbb-4055-948c-643abd9d8396"}]}