{"parent":"item/generated","textures":{"layer0":"item/paper"},"overrides":[{"predicate":{"custom_model_data":1000},"model":"nexo:790c9601-3245-4ffe-be64-a429dd619a02"},{"predicate":{"custom_model_data":1001},"model":"nexo:1bfabe5c-b385-4041-8920-c66ec7b779a2"},{"predicate":{"custom_model_data":1002},"model":"nexo:e03411cf-1f12-4a64-bb4d-cd45c6cb7269"},{"predicate":{"custom_model_data":1003},"model":"nexo:42381c92-6d74-463e-83af-021b3cd79243"},{"predicate":{"custom_model_data":1004},"model":"nexo:ac8e1f64-2320-4c03-b364-0d8236f78bd1"},{"predicate":{"custom_model_data":1005},"model":"nexo:7c512a9a-c0f9-4d30-bfaa-67b68b9774f4"},{"predicate":{"custom_model_data":1006},"model":"e34f294e-f596-422e-baeb-7e427fe16dfb"},{"predicate":{"custom_model_data":1007},"model":"33877dcb-8762-4eca-b15d-59a3b8759d83"},{"predicate":{"custom_model_data":1008},"model":"0abd04e4-f855-4422-b2ad-6999cc0610e6"}]}