{"parent":"item/generated","textures":{"layer0":"item/paper"},"overrides":[{"predicate":{"custom_model_data":1000},"model":"nexo:460dfbf8-4219-4c97-8c33-1250916a1776"},{"predicate":{"custom_model_data":1001},"model":"nexo:6df2b6d0-235c-47f1-a324-79c3bae00063"},{"predicate":{"custom_model_data":1002},"model":"nexo:f2388dae-147f-44ec-8950-65aeb5bd5135"},{"predicate":{"custom_model_data":1003},"model":"nexo:b40c985f-8d5a-42d1-9b63-9b67d4ed9f0a"},{"predicate":{"custom_model_data":1004},"model":"nexo:aa829fee-55b3-4e8b-9b0f-c01f47bd0e7c"},{"predicate":{"custom_model_data":1005},"model":"nexo:b3239cb6-2a52-4b65-ab3e-eb88be9520ce"},{"predicate":{"custom_model_data":1006},"model":"0047db76-8219-4f10-91cc-93629b5fd885"},{"predicate":{"custom_model_data":1007},"model":"c0c08ca8-5154-4d29-abfe-e12400dff4a8"},{"predicate":{"custom_model_data":1008},"model":"d0119279-273a-499e-99c3-4e7ca81d3496"}]}