{"model":{"type":"minecraft:range_dispatch","property":"minecraft:custom_model_data","entries":[{"model":{"type":"minecraft:model","model":"minecraft:item/leather_horse_armor","tints":[{"type":"minecraft:dye","default":-6265536}]},"threshold":0.0},{"threshold":1000.0,"model":{"model":"nexo:6fe41588-6c38-400e-99e1-5c03387b6e1e","type":"minecraft:model","tints":[{"type":"minecraft:dye","default":-6265536}]}},{"threshold":1001.0,"model":{"model":"nexo:d6efe04a-ecd0-4577-b810-5343b6ece863","type":"minecraft:model","tints":[{"type":"minecraft:dye","default":-6265536}]}},{"threshold":1002.0,"model":{"model":"nexo:db59a89c-398a-4d00-a973-277596f93311","type":"minecraft:model","tints":[{"type":"minecraft:dye","default":-6265536}]}},{"threshold":1003.0,"model":{"model":"nexo:c9db1bff-cf16-4f6f-91c5-9160f24a50eb","type":"minecraft:model","tints":[{"type":"minecraft:dye","default":-6265536}]}}]}}