{"model":{"type":"minecraft:range_dispatch","property":"minecraft:custom_model_data","entries":[{"model":{"type":"minecraft:model","model":"minecraft:item/leather_horse_armor","tints":[{"type":"minecraft:dye","default":-6265536}]},"threshold":0.0},{"threshold":1000.0,"model":{"model":"nexo:735bf9a0-aaff-4bd9-b559-2611bd449da2","type":"minecraft:model","tints":[{"type":"minecraft:dye","default":-6265536}]}},{"threshold":1001.0,"model":{"model":"nexo:db4b87b7-9fd4-4d22-a90a-740f56f91101","type":"minecraft:model","tints":[{"type":"minecraft:dye","default":-6265536}]}},{"threshold":1002.0,"model":{"model":"nexo:ae543943-d54b-4d99-af2b-42b2f23f22cf","type":"minecraft:model","tints":[{"type":"minecraft:dye","default":-6265536}]}},{"threshold":1003.0,"model":{"model":"nexo:2726f72e-149f-499a-aa98-1bf3c1006b23","type":"minecraft:model","tints":[{"type":"minecraft:dye","default":-6265536}]}}]}}