{"model":{"type":"minecraft:range_dispatch","property":"minecraft:custom_model_data","entries":[{"threshold":1000.0,"model":{"model":"nexo:460dfbf8-4219-4c97-8c33-1250916a1776","type":"minecraft:model"}},{"threshold":1001.0,"model":{"model":"nexo:6df2b6d0-235c-47f1-a324-79c3bae00063","type":"minecraft:model"}},{"threshold":1002.0,"model":{"model":"nexo:f2388dae-147f-44ec-8950-65aeb5bd5135","type":"minecraft:model"}},{"threshold":1003.0,"model":{"model":"nexo:b40c985f-8d5a-42d1-9b63-9b67d4ed9f0a","type":"minecraft:model"}},{"threshold":1004.0,"model":{"model":"nexo:aa829fee-55b3-4e8b-9b0f-c01f47bd0e7c","type":"minecraft:model"}},{"threshold":1005.0,"model":{"model":"nexo:b3239cb6-2a52-4b65-ab3e-eb88be9520ce","type":"minecraft:model"}},{"threshold":1006.0,"model":{"model":"minecraft:0047db76-8219-4f10-91cc-93629b5fd885","type":"minecraft:model"}},{"threshold":1007.0,"model":{"model":"minecraft:c0c08ca8-5154-4d29-abfe-e12400dff4a8","type":"minecraft:model"}},{"threshold":1008.0,"model":{"model":"minecraft:d0119279-273a-499e-99c3-4e7ca81d3496","type":"minecraft:model"}}],"scale":1.0,"fallback":{"type":"minecraft:model","model":"minecraft:item/paper"}}}