{"model":{"type":"minecraft:range_dispatch","property":"minecraft:custom_model_data","entries":[{"threshold":1000.0,"model":{"model":"nexo:790c9601-3245-4ffe-be64-a429dd619a02","type":"minecraft:model"}},{"threshold":1001.0,"model":{"model":"nexo:1bfabe5c-b385-4041-8920-c66ec7b779a2","type":"minecraft:model"}},{"threshold":1002.0,"model":{"model":"nexo:e03411cf-1f12-4a64-bb4d-cd45c6cb7269","type":"minecraft:model"}},{"threshold":1003.0,"model":{"model":"nexo:42381c92-6d74-463e-83af-021b3cd79243","type":"minecraft:model"}},{"threshold":1004.0,"model":{"model":"nexo:ac8e1f64-2320-4c03-b364-0d8236f78bd1","type":"minecraft:model"}},{"threshold":1005.0,"model":{"model":"nexo:7c512a9a-c0f9-4d30-bfaa-67b68b9774f4","type":"minecraft:model"}},{"threshold":1006.0,"model":{"model":"minecraft:e34f294e-f596-422e-baeb-7e427fe16dfb","type":"minecraft:model"}},{"threshold":1007.0,"model":{"model":"minecraft:33877dcb-8762-4eca-b15d-59a3b8759d83","type":"minecraft:model"}},{"threshold":1008.0,"model":{"model":"minecraft:0abd04e4-f855-4422-b2ad-6999cc0610e6","type":"minecraft:model"}}],"scale":1.0,"fallback":{"type":"minecraft:model","model":"minecraft:item/paper"}}}