{"model":{"type":"minecraft:condition","on_false":{"type":"minecraft:range_dispatch","property":"minecraft:custom_model_data","entries":[{"model":{"type":"minecraft:special","base":"minecraft:item/shield","model":{"type":"minecraft:shield"}},"threshold":0.0},{"threshold":1000.0,"model":{"model":"nexo:acb16ba6-3bd0-47a4-b889-fb07228c6cd1","type":"minecraft:model"}}]},"on_true":{"type":"minecraft:range_dispatch","property":"minecraft:custom_model_data","entries":[{"model":{"type":"minecraft:special","base":"minecraft:item/shield_blocking","model":{"type":"minecraft:shield"}},"threshold":0.0},{"threshold":1000.0,"model":{"model":"nexo:f43ed0ee-826e-433c-8e42-e84251c3482b","type":"minecraft:model"}}]},"property":"minecraft:using_item"}}