{"model":{"type":"minecraft:condition","on_false":{"type":"minecraft:range_dispatch","property":"minecraft:custom_model_data","entries":[{"model":{"type":"minecraft:special","base":"minecraft:item/shield","model":{"type":"minecraft:shield"}},"threshold":0.0},{"threshold":1000.0,"model":{"model":"nexo:421345d7-9be3-478d-afc1-4a8187ba6d8a","type":"minecraft:model"}}]},"on_true":{"type":"minecraft:range_dispatch","property":"minecraft:custom_model_data","entries":[{"model":{"type":"minecraft:special","base":"minecraft:item/shield_blocking","model":{"type":"minecraft:shield"}},"threshold":0.0},{"threshold":1000.0,"model":{"model":"nexo:1b9056d3-f680-43ef-b0ef-a3576f5a02e3","type":"minecraft:model"}}]},"property":"minecraft:using_item"}}