{"providers":[{"type":"bitmap","file":"27da87d9-8181-447b-b997-c35cfd80d967.png","height":9,"ascent":8,"chars":["ꐸ"]},{"type":"bitmap","file":"2aa08d4a-1a04-49c3-b446-e3a61ff9769e.png","height":9,"ascent":8,"chars":["ꐰ"]},{"type":"bitmap","file":"67f77634-0a9b-4835-9fd6-9031981aedaf.png","height":12,"ascent":10,"chars":["ꐟ"]},{"type":"bitmap","file":"c4475efc-f736-4224-9435-78e316cb4727.png","height":9,"ascent":8,"chars":["ꐶ"]},{"type":"bitmap","file":"8cfaf52c-2b6c-4a98-bd58-71371b724fbe.png","height":12,"ascent":10,"chars":["ꐛ"]},{"type":"bitmap","file":"703e7965-eaa1-4aea-8c9c-f60e1e7d8e3b.png","ascent":8,"chars":["ꑎ"]},{"type":"bitmap","file":"6503f827-1f6b-4379-9faf-22891fc2264e.png","height":12,"ascent":10,"chars":["ꐧ"]},{"type":"bitmap","file":"b1d1417e-6acf-4cd3-a8df-19b4184719ee.png","height":9,"ascent":8,"chars":["ꑁ"]},{"type":"bitmap","file":"197ce9a9-b004-457c-9c68-fa16f94d6736.png","height":9,"ascent":8,"chars":["ꑍ"]},{"type":"bitmap","file":"61a01205-2ea4-457c-93d7-cd28ae36b62e.png","height":9,"ascent":8,"chars":["ꐹ"]},{"type":"bitmap","file":"4d039e04-970c-41b5-9b4f-a567ddc42c2f.png","height":9,"ascent":8,"chars":["ꑊ"]},{"type":"bitmap","file":"6da325a1-2af4-4c3c-be6c-8a9e0cd98bf7.png","height":256,"ascent":37,"chars":["ꐐ"]},{"type":"bitmap","file":"527a96f0-3c7d-446d-b9c7-e44056e8b579.png","height":12,"ascent":10,"chars":["ꐘ"]},{"type":"bitmap","file":"9952f236-d052-4a5b-8a5c-7f0e5a46f23a.png","height":12,"ascent":10,"chars":["ꐫ"]},{"type":"bitmap","file":"9989ccb7-8dc5-4670-bd80-82960c4baaa9.png","height":12,"ascent":10,"chars":["ꐭ"]},{"type":"bitmap","file":"1f5f9c33-5a60-4408-8326-73e187793087.png","height":9,"ascent":8,"chars":["ꑅ"]},{"type":"bitmap","file":"bbf33f2f-6b6f-41e8-a1a2-7511bb0d7531.png","height":9,"ascent":8,"chars":["ꐯ"]},{"type":"bitmap","file":"beff2263-15ad-4345-9883-7daf1aab51b1.png","height":12,"ascent":10,"chars":["ꐮ"]},{"type":"bitmap","file":"d1638987-d7ee-4c93-b125-21bf789f0e7d.png","height":12,"ascent":10,"chars":["ꐦ"]},{"type":"bitmap","file":"cd905a72-08be-411a-94d6-e90815a321eb.png","height":9,"ascent":8,"chars":["ꐲ"]},{"type":"bitmap","file":"0f728609-a65a-4cd6-8f73-e129be0208e7.png","height":9,"ascent":8,"chars":["ꑉ"]},{"type":"bitmap","file":"f4638fa8-76cf-4f40-8f7b-d5ec935737ce.png","height":12,"ascent":10,"chars":["ꐓ"]},{"type":"bitmap","file":"3614324f-5473-4292-844f-9255895c27a1.png","height":12,"ascent":10,"chars":["ꐠ"]},{"type":"bitmap","file":"64f55bb5-8ea6-41ed-bbd9-b564bcc2ac4e.png","height":12,"ascent":10,"chars":["ꐬ"]},{"type":"bitmap","file":"7fcff759-5691-4a5d-ac98-2beb145967ad.png","height":12,"ascent":10,"chars":["ꐩ"]},{"type":"bitmap","file":"fc338447-08fd-45ed-ad2b-3e7c17c8b8e8.png","height":12,"ascent":10,"chars":["ꐙ"]},{"type":"bitmap","file":"a611e4f0-3fb5-461e-816b-1b7631f81fdf.png","height":9,"ascent":8,"chars":["ꐴ"]},{"type":"bitmap","file":"11f266a0-f875-4461-9c70-5db6a426ba33.png","height":12,"ascent":10,"chars":["ꐤ"]},{"type":"bitmap","file":"5896ad29-a271-4329-9f0b-c9e6f299d53a.png","height":12,"ascent":10,"chars":["ꐪ"]},{"type":"bitmap","file":"2aa08d4a-1a04-49c3-b446-e3a61ff9769e.png","height":9,"ascent":8,"chars":["ꐷ"]},{"type":"bitmap","file":"556f4991-781f-44eb-a0d6-d573f7a0a2fc.png","height":12,"ascent":10,"chars":["ꐞ"]},{"type":"bitmap","file":"0fde6e44-e09f-424d-853a-8b9237c7720c.png","height":9,"ascent":8,"chars":["ꐺ"]},{"type":"bitmap","file":"f3cd880c-b7b2-46b2-a45f-aab2cac1c294.png","height":9,"ascent":8,"chars":["ꐳ"]},{"type":"bitmap","file":"4c749c37-7ea5-4680-8a6e-a3f3bc05126b.png","height":9,"ascent":8,"chars":["ꐱ"]},{"type":"bitmap","file":"2aa08d4a-1a04-49c3-b446-e3a61ff9769e.png","ascent":8,"chars":["ꑑ"]},{"type":"bitmap","file":"b91bc394-ccbc-48b1-a5ba-b3a4a871f281.png","height":12,"ascent":10,"chars":["ꐣ"]},{"type":"bitmap","file":"986f55b2-9b21-499b-9e8d-f90fba05056e.png","height":12,"ascent":10,"chars":["ꐨ"]},{"type":"bitmap","file":"00220250-a643-4a6d-bf44-9e03d616c840.png","height":12,"ascent":10,"chars":["ꐚ"]},{"type":"bitmap","file":"618eafec-2abc-47ab-bb9c-91956d00cc43.png","height":12,"ascent":10,"chars":["ꐔ"]},{"type":"bitmap","file":"4e12f50b-93de-433f-99c7-11c64c85a90a.png","height":9,"ascent":8,"chars":["ꑇ"]},{"type":"bitmap","file":"480db43c-39fa-46c6-b27e-c014125f4733.png","height":12,"ascent":10,"chars":["ꐝ"]},{"type":"bitmap","file":"62805fe2-21e6-48ff-a858-5a272f98dec4.png","height":9,"ascent":8,"chars":["ꑌ"]},{"type":"bitmap","file":"59552a2f-0d3f-4b25-ae2d-73f1e8cbc598.png","height":9,"ascent":8,"chars":["ꑄ"]},{"type":"bitmap","file":"4b0e2946-4b4f-49a9-a607-240af7de3282.png","height":12,"ascent":10,"chars":["ꐑ"]},{"type":"bitmap","file":"fd1a3401-14ed-4e93-9668-73c1714c6bfb.png","height":12,"ascent":10,"chars":["ꐕ"]},{"type":"bitmap","file":"13ed85ba-30f9-417b-b418-351aaa3d58d8.png","ascent":8,"chars":["ꑏ"]},{"type":"bitmap","file":"ba6f7ee3-54d3-4bea-b41e-4847511171f6.png","height":12,"ascent":10,"chars":["ꐡ"]},{"type":"bitmap","file":"95b380e6-806e-48db-ae3f-51356a56ea83.png","height":9,"ascent":8,"chars":["ꑈ"]},{"type":"bitmap","file":"ba2be6fe-2411-43d1-82a0-ce2ebc716685.png","height":9,"ascent":8,"chars":["ꑀ"]},{"type":"bitmap","file":"ab49fb47-da39-4155-8ef5-22290e5536e6.png","height":12,"ascent":10,"chars":["ꐗ"]},{"type":"bitmap","file":"68bfe3ba-22a9-4665-b905-5518ae6edeff.png","height":12,"ascent":10,"chars":["ꐜ"]},{"type":"bitmap","file":"b9f0a7c5-d2bf-45d6-8e8d-14b4b613212e.png","height":12,"ascent":10,"chars":["ꐒ"]},{"type":"bitmap","file":"5e90cdae-a673-4b0f-9770-4c0ebaf757c9.png","height":12,"ascent":10,"chars":["ꐥ"]},{"type":"bitmap","file":"e5f4a089-d8c1-4a24-99da-3d8ee13ddaff.png","height":9,"ascent":8,"chars":["ꐻ"]},{"type":"bitmap","file":"30aef675-ea4e-42bb-a5a7-cb93509bcf18.png","height":12,"ascent":10,"chars":["ꑐ"]},{"type":"bitmap","file":"4efd6936-ce94-446c-9423-ba13cbd75419.png","height":9,"ascent":8,"chars":["ꐼ"]},{"type":"bitmap","file":"ddb3957e-e0de-4c0f-96b8-a916430605d2.png","height":12,"ascent":10,"chars":["ꐖ"]},{"type":"bitmap","file":"2283dd7a-9fd2-44e0-ac8a-2896ee9a8f36.png","height":12,"ascent":10,"chars":["ꐢ"]},{"type":"bitmap","file":"131d2a63-f501-4019-9020-3c0a80bfcd83.png","height":9,"ascent":8,"chars":["ꐽ"]},{"type":"bitmap","file":"91e79b1b-6ea1-4bae-8e8f-5a4c50550a39.png","height":9,"ascent":8,"chars":["ꑆ"]},{"type":"bitmap","file":"86bbf8ae-3e6c-4043-8674-baaeb0420387.png","height":9,"ascent":8,"chars":["ꐵ"]},{"type":"bitmap","file":"06c6d958-1c62-40b6-8e44-df12dc316146.png","height":9,"ascent":8,"chars":["ꐿ"]},{"type":"bitmap","file":"a3e758db-317c-4bc4-bc86-5d15625fe965.png","height":9,"ascent":8,"chars":["ꐾ"]},{"type":"bitmap","file":"7edb0e36-122a-4abb-a9ed-cee13f9431ba.png","height":9,"ascent":8,"chars":["ꑃ"]},{"type":"bitmap","file":"58471e8e-5cb5-4118-b235-51d054c4ee09.png","height":9,"ascent":8,"chars":["ꑂ"]},{"type":"bitmap","file":"2d0ad47d-3e6e-4f87-b49e-67dc1b6bf0bf.png","height":9,"ascent":8,"chars":["ꑋ"]},{"type":"reference","id":"nexo:shift"}]}